epoch,train_loss,val_loss,iou,f1,precision,recall,accuracy,kappa,time_elapsed
1,1.4709758758544922,1.4405138492584229,0.2531406581401825,0.29070577025413513,0.30682769417762756,0.33313605189323425,0.7524490356445312,0,27.287818
2,1.4499423503875732,1.4387903213500977,0.2531406581401825,0.29070577025413513,0.30682769417762756,0.33313605189323425,0.7524490356445312,0,52.754398
